age;time_to_maturity;balance;LTV;interest_rate;SingleFamily;balance_orig;FICO_orig;LTV_orig;Interest_Rate_orig;Default
4;117;141750;88.51950355;6.5;1;141750;744;75;6.5;0
14;106;57800.1;111.0539446;8.375;1;60000;698;80;8.375;1
52;9;4696.44;13.94639497;10.95;1;15600;521;74.3;10.95;0
8;112;159914.04;81.47550052;5.51;0;160000;732;80;5.51;0
1;116;131296.19;80.54311459;8.75;1;132000;721;80;8.75;0
1;116;276003.18;75.21455724;3.625;1;280000;663;80;3.625;0
9;110;322436.16;64.83130165;4.75;1;334400;764;80;0;0
26;94;177934.04;72.42899905;5.95;1;195000;759;79.6;5.95;1
18;42;159826.97;45.35573602;6;1;199000;644;75.7;6;0
14;104;121012.5;114.3672367;5.625;0;121133;755;80;5.625;1
8;112;52971.66;64.16069284;6.5;1;54000;713;90;6.5;0
5;116;1849597.75;77.53047912;6.75;0;1850000;677;64.9;NA;0
6;155;204755.85;114.6577903;8.147;1;197780;670;89.9;2.375;1
27;93;376881.67;81.80794119;5.625;1;444800;685;80;0;0
12;109;255199.7;43.29643229;6;0;271000;779;69.5;6;0
57;63;27355.93;24.00413456;3.62;1;36847;642;59.2;3.62;0
17;104;332281.21;122.4173651;2;1;320000;674;80;2;0
10;110;255925.6;83.24086313;10.48;1;256000;699;80;7.48;1
22;98;384000;121.0268753;3;1;384000;754;80;6.5;1
25;95;81013.88;112.9330243;9.75;1;81899.09;588;90;9.75;0
7;153;623612.21;115.7727308;6.729;1;584000;728;80;1.9;1
18;102;128141.51;106.3631407;7.5;0;131250;735;75;10.75;1
5;109;517983.24;90.30883933;10.5;1;518000;655;84.9;0;1
3;157;324905.94;79.16707711;8.183;0;318750;687;75;1.4;0
21;99;538458.32;137.4234999;2.36;1;-9999999;733;80;0;0
32;88;112000;88.52935252;3.125;1;112000;630;74.7;6.625;0
5;113;65064.89;94.81019908;9.95;0;65600;520;80;9.95;1
17;104;427120.52;128.9009239;8.25;1;376000;686;80;8.25;0
19;101;642120.94;86.82167102;5.75;1;650000;773;65.3;5.75;0
9;111;245989.53;85.30515937;12;0;249200;505;80;9.05;1
4;117;69605.64;85.43475533;7.875;1;70000;689;100;7.875;0
8;110;299614.92;102.8977042;7.625;0;299625;681;75;7.625;1
19;101;590904.71;112.7307117;6.125;0;628800;802;80;6.125;0
10;110;212000;83.26506204;7.375;1;212000;645;80;7.375;1
18;102;68566.58;106.7680796;8.125;1;71400;671;80;8.125;0
5;36;87788.36;65.30405339;6.625;1;93500;696;81.3;6.625;0
13;107;135877.37;107.1038068;9.75;0;140000;602;100;0;1
44;16;16331;20.09688186;10.55;1;35625;662;75;10.55;0
4;117;508625.28;81.45788322;5.875;1;508800;681;80;5.875;0
34;26;34733.02;47.99181937;6;1;62000;672;77.5;6;0
22;99;89503.64;110.9451317;9.375;1;92800;655;80;9.5;0
7;114;107214.04;87.98177054;6.75;0;108700;785;80;6.75;0
37;83;48863.06;69.86502191;6.75;1;56000;712;80;6.75;0
10;108;345362;130.5876778;7.875;0;353700;735;90;7.875;1
23;97;84918.13;109.3820844;10.2;1;86250;511;71.9;0;0
3;117;455325.67;82.28902034;8.45;1;456000;727;80;8.45;1
40;80;159634.18;51.02278114;3.014;1;217000;624;69.9;0;0
4;116;342900;77.32691755;7.25;0;342900;743;90;0;0
15;105;69728.2;107.6831312;7.275;1;72400;601;80;7.275;0
7;112;280000;83.45226343;6.5;1;280000;655;80;6.5;0
4;117;547171.5;72.49587768;6.375;1;550800;735;70.1;6.375;0
4;116;722863.84;80.56521961;6.875;1;729150;765;76.8;6.875;0
15;105;230748.52;93.68867234;8.99;1;233000;544;67.2;8.99;1
20;101;545834.16;106.3864446;6.875;0;575000;666;76.7;6.875;1
29;91;138590.43;95.41669967;2.875;1;159125;799;95;6.5;0
14;106;219364.72;110.9044705;7.49;0;226400;726;80;7.49;0
20;100;102139.23;105.1210314;6.9;1;107100;528;85;6.9;0
16;105;99289.36;28.06165865;5.75;0;275000;638;59.1;5.75;0
2;119;167622.66;74.82893845;5.375;1;168000;654;80;0;0
28;92;114926.2;122.8087752;2.576;1;103960;583;80;2.576;0
20;100;233961.85;33.72308707;6;1;250000;785;55.3;6;0
31;90;91908.4;88.41273863;7.98;0;1.00E+05;667;80;7.98;0
5;112;915414.77;93.35084953;7.025;1;-9999999;690;80;1;0
25;96;121097.88;118.6420246;5.625;1;125290;532;85;5.625;0
8;113;91217.99;99.43120337;9.08;1;92000;558;80;9.08;1
3;117;347921.42;47.67484723;6.25;1;350000;628;53.4;6.25;0
18;102;203988.32;116.0097635;8.125;0;204000;773;80;8.125;1
4;116;241568.4;77.02946162;6.3;1;241600;620;80;6.3;1
10;111;294976.68;114.6611367;5;0;284750;673;80;7;0
17;103;360759.54;125.4033912;6.5;1;332000;597;80;0;1
18;100;99109.55;113.8553513;8;0;1.00E+05;789;80;8;0
20;100;505899.03;136.7548959;7.625;1;440000;719;80;NA;0
19;99;143882.1;91.88264665;4;1;150500;506;70;0;1
16;104;474479.83;104.1201347;6;1;5.00E+05;733;78.2;6;0
1;119;162750;98.58917626;7;0;162750;666;93;7;0
5;116;110140.55;70.08528308;7.15;1;110400;664;79.8;7.15;0
11;109;414221.46;92.97210539;5.99;0;428000;781;80;5.99;0
23;97;299114.18;67.18167527;5.5;0;330000;767;75;5.5;0
10;105;203765.5;111.5577161;5.625;0;204000;710;80;5.625;0
14;106;153100;112.7417018;6.5;0;153100;712;80;6.5;0
31;90;586104.06;88.07505018;3.5;0;664000;639;80;6.875;0
7;114;197193.07;95.90118163;6.875;1;2.00E+05;643;80;6.875;0
5;116;40219.91;70.25706957;8;1;40500;534;88;8;0
29;92;355422.77;86.82339151;2;1;437000;568;84.9;8.55;0
5;116;123649.29;80.58719735;8.15;1;124000;618;80;8.15;0
23;98;259817.85;95.04889221;3.375;0;260000;690;80;6;0
16;104;123200;105.2072881;5.75;1;123200;687;80;5.75;0
3;118;223900;83.63277394;7.375;1;223900;703;80;7.375;0
6;114;75153.58;79.17827353;8.8;1;75600;569;90;8.8;1
4;116;127819.77;75.11899651;6.99;1;129020;658;90;6.99;0
21;99;70002.75;70.70461284;6.25;1;75000;776;64.1;6.25;0
11;109;360000;60.40199649;4;0;360000;685;80;4;0
3;111;317552.27;70.63384518;6.875;1;317600;753;80;0;0
12;149;139414.79;103.3492642;4.722;1;127000;680;63.8;1.4;1
21;100;260330.04;103.5106863;6.5;1;277000;755;74.9;6.5;1
35;85;89737.03;105.9411769;6.875;0;101000;621;100;6.875;1
1;116;482085.94;92.94486528;7.882;0;472500;685;90;1;0
23;98;30353.01;41.68748597;10;0;31526.28;644;90.7;10;0
14;106;647025.99;126.8501352;8.25;0;655000;776;93;8.25;1
29;91;420039.99;84.50372781;6.5;1;5.00E+05;756;80;6.5;0
2;119;170100;68.64510142;7.625;0;170100;714;70;7.625;0
11;110;345600;119.5088461;6.875;1;345600;667;80;6.875;1
5;115;333700;66.45576585;5.75;0;333700;702;78.9;5.75;0
12;109;170072.71;130.1356505;11.75;0;163354;553;91.3;10.625;1
39;80;439194.25;70.28432762;3;1;508000;725;80;5.875;0
4;116;171224.11;81.11828337;8.3;0;172000;649;80;8.3;1
7;113;176709.01;107.7777634;7.5;0;177760;597;80;3;0
24;97;167440.53;121.4219166;6.35;1;159800;552;85;6.35;0
6;114;680000;112.3475046;6.625;0;680000;808;80;6.625;0
17;96;525670.9;110.6477403;3.25;1;539920;766;80;4.875;0
4;111;248172.25;82.01785771;8.25;1;252000;666;80;8.25;0
20;60;32313.03;45.27647037;9.625;0;37014.32;753;95;0;0
4;116;360000;71.22592179;5.5;1;360000;652;80;5.5;0
9;111;91202.79;77.19277763;8.2;1;92800;636;80;8.2;0
14;46;127955.73;32.61243369;4.75;1;152465;652;54.8;4.75;0
1;118;413780.54;72.82816762;6.375;1;416250;750;75;6.375;0
29;91;362023.49;61.08927781;5.75;0;405000;759;73.5;5.75;0
21;94;344746.83;79.69223551;3;0;390000;724;62.4;4.875;0
16;105;597978.16;117.4711582;6.15;1;625500;705;90;6.15;0
33;87;86237.6;71.09079634;6.25;0;90760;683;80;0;0
11;110;99989.52;115.0217734;9.25;1;102000;622;85;0;0
13;105;217301.21;112.6598574;6.875;0;226050;674;80;6.875;0
7;114;316168.6;65.2868808;7.7;1;320000;557;80;7.7;0
23;97;382553.98;82.13519884;3.25;1;419000;709;65;5.375;0
14;106;361275.89;57.03803873;6.875;1;375000;671;79.8;6.875;0
9;111;108229.01;131.3161901;8.5;1;108900;645;90;8.5;0
4;116;407180.95;94.4163865;6.75;1;407200;661;80;6.75;0
0;119;179963.77;89.981885;9.2;1;180000;569;90;0;0
6;109;5.00E+05;60.39766671;4;1;5.00E+05;719;71.4;4;0
37;83;357527.73;67.82342192;3;0;414191;758;80;4.875;0
14;106;835779.44;108.3739108;3.271;1;788000;696;74;1;1
8;112;136992.48;62.11335939;5.99;0;139920;614;80;NA;0
3;117;245496.88;69.41414183;5.25;1;245600;712;80;5.25;0
8;112;412000;87.58295709;6.55;1;412000;731;79.2;6.55;0
1;116;167752.06;75.36089145;11.95;1;168000;544;70;11.95;1
19;101;520311.07;103.9880393;5.875;1;535200;761;80;5.875;0
36;82;406850.83;78.19626991;2.75;0;483000;697;78.5;5.375;0
16;102;180000;112.4003477;6.625;1;180000;679;80;6.625;1
19;101;59861.8;51.29380763;7.99;1;62400;602;80;7.99;1
13;108;289200.86;113.8538067;6.375;0;289300;745;80;6.375;0
24;96;86997.6;76.30085919;8.25;1;92450;642;84.8;8.25;0
8;113;181558.63;108.304897;7.5;1;184000;666;80;7.5;1
2;116;169164.85;91.04870151;6.25;0;171000;644;95;0;0
10;110;66288.42;102.9396146;10.3;0;67500;613;90;8.3;0
22;99;526475.09;95.07920765;5.195;0;526480;781;80;5.195;0
16;105;303175.75;36.33471724;6.125;1;340000;766;61.8;6.125;0
11;109;447021.55;119.6233304;8.25;1;416000;667;80;8.25;1
9;111;107637.67;50.91362918;8.45;1;109500;543;75;0;0
11;109;390808.92;71.76735813;5.625;1;392000;721;80;5.625;1
9;112;126108.89;65.16563562;7.417;0;123500;678;65;0;0
6;115;70178.61;83.40571222;7.75;1;70800;621;80;7.75;0
7;113;160686.74;85.35157362;8.525;0;161100;567;90;9;1
34;87;267989.74;74.00870177;2.625;0;294000;771;70;5.625;0
4;157;243853;70.33444029;7.428;1;240000;661;75;1.5;0
4;116;65789.7;105.8849379;9.99;1;66000;615;90;9.99;1
4;113;98228.01;84.37975885;8.4;0;1.00E+05;511;70;0;1
6;114;492284.24;90.84184927;5.625;1;5.00E+05;639;93.5;5.625;0
19;101;588803.45;83.44206915;5.875;1;588828;701;62;5.875;1
5;116;186079.01;64.10205833;6.5;0;188000;662;80;0;0
4;116;291459.68;91.34555456;9.5;1;292500;612;90;9.5;0
8;113;213129.09;56.57772666;8.375;1;216000;698;80;8.375;0
17;104;49671.16;53.77544415;6.5;1;52000;721;80;6.5;1
13;107;105310.54;111.1821297;6.99;1;108000;687;80;6.99;1
4;117;111928.08;96.61606393;8.99;1;112100;588;95;8.99;0
13;107;280900;114.0215406;7.125;1;280900;771;80;7.125;0
2;116;103759.46;81.94549469;8;0;103800;649;80;8;1
31;90;267757.08;103.6036421;3;0;268000;762;80;6.5;1
7;74;96370.89;93.73637953;7.24;1;99500;668;79.6;7.24;0
20;100;134389.5;118.9317426;7.575;1;134400;635;80;7.575;1
6;114;514590.98;89.00153265;6.75;1;521600;797;80;6.75;0
11;109;206310.26;51.67084612;6.99;1;212000;751;80;6.99;0
6;115;223104.64;84.895524;7.5;1;225000;676;81.4;7.5;0
4;116;431920;79.82733037;6.125;1;431920;707;80;6.125;0
3;118;286899.96;63.55938933;6.25;0;286900;676;61.7;0;0
36;84;100147.24;52.26758376;6.375;0;114950;686;59;6.375;0
2;115;260832.76;71.20917779;5.625;1;265000;761;71.1;5.625;0
7;107;98863.85;93.3966482;9.84;1;102960;685;80;0;0
46;74;53896.9;47.54627116;9.75;1;60000;516;92.3;11.75;0
3;117;190566.14;73.08471604;8.125;1;191200;596;80;8.125;0
10;150;373781.41;134.3079715;5.714;1;340000;725;88.3;1.875;1
36;84;42358.75;84.76459807;9.8;1;45125;609;95;0;0
12;68;83556.9;43.71542765;8.75;1;88000;528;52.4;8.75;1
5;116;109239.09;95.24778071;9.49;1;109800;663;90;9.49;0
9;108;211200;111.0987723;7.75;0;211200;642;80;7.75;1
37;84;36360.67;48.55155957;6;0;42500;745;56.7;6;0
37;43;95121.67;22.9524726;8.99;0;130000;722;65;0;0
21;99;179192.91;114.7505897;7.4;1;188000;636;80;0;1
19;101;71922.2;50.71093225;7;1;76000;706;57.6;7;0
5;116;73957.4;55.29173367;12.95;1;74100;533;65;0;1
36;84;99724.06;86.21806372;2.625;1;101600;781;80;6.5;0
10;110;359226.46;67.92311461;5.75;1;360000;735;80;5.75;0
6;114;89600;84.14422037;7.875;0;89600;659;80;7.875;0
18;42;44345.87;84.3110442;6.75;1;54450;695;74.6;6.75;0
7;113;107192.26;99.01017524;9.35;0;108000;658;80;9.35;1
5;115;225970.06;51.17782562;5.87;1;228600;586;64.4;5.87;0
14;107;374759.01;79.6716329;7.25;1;348400;809;51.4;0;0
26;94;129970.92;91.60709441;3;1;141500;738;69.9;7.25;0
3;117;135000;77.56939783;7.875;0;135000;706;74.2;7.875;0
5;115;71979.37;77.95598341;6.875;0;72000;635;80;6.875;0
9;112;183400;97.21142575;7.625;1;183400;788;70;7.625;0
22;98;248800;115.0311677;7.125;0;248800;641;80;NA;0
38;82;97066.4;87.93035301;7.75;1;109900;640;99.9;7.75;0
24;96;130779.66;107.4054846;7.65;1;132800;645;80;7.65;0
4;117;143741.78;76.90139111;8.6;1;144000;570;80;8.6;1
28;92;109878.28;91.33810905;8.125;0;117900;706;75;8.125;1
14;146;139460.81;140.7786385;4.875;1;124200;610;90;4.875;0
8;112;126538.7;64.85827538;5.875;1;129600;668;80;0;0
18;102;70600.56;57.87701219;12;1;72800;589;80;0;1
11;109;66085.57;103.1947526;8.375;1;67400;670;71.7;8.375;1
5;116;224743.81;92.53609511;9.99;1;225000;596;90;0;1
9;112;74340.06;60.83005641;8.99;1;75225;528;85;8.99;1
32;89;140734.21;97.48981367;9.35;0;151215;548;85;0;0
12;108;163537.22;138.1224555;7.25;0;166500;654;100;3;1
10;110;85696.92;90.34793101;7.5;0;93280;694;80;7.5;0
13;106;324000;83.82867394;10.875;0;324000;559;90;0;0
8;112;302550;70.57907597;6.625;0;302550;700;85;6.625;0
18;103;404887.61;89.25728006;6.625;1;405000;636;64.8;6.625;0
9;112;261174.09;103.7988794;8.875;0;240000;730;80;1;0
1;118;111993.55;82.5678211;9.875;0;112200;597;85;9.875;0
18;103;263226.1;71.25958199;5.125;1;264000;620;80;5.125;0
27;91;259084.35;94.51765973;3.125;0;285050;732;80;5.875;0
5;115;126192.37;50.02332399;6.95;1;127500;593;58.8;0;0
24;95;285932.06;90.61135915;5;1;279750;562;75;0;1
7;113;122500;87.28672723;7.5;0;122500;662;70;7.5;0
4;116;71958.05;77.07454149;8.08;0;72400;632;89.9;8.08;0
3;115;358700.57;92.27374725;8.25;0;360000;666;80;8.25;0
11;109;116787.27;79.61229565;9.2;1;118800;630;90;9.2;1
38;83;336179.89;62.92492124;6;1;367250;606;65;6;0
18;103;997628.89;88.42338667;5.875;0;998000;750;61.6;5.875;1
21;100;320541.9;81.62235717;5.875;1;344000;659;80;5.875;0
12;108;528247.98;103.2127151;5.375;1;512000;543;80;7.75;1
4;116;771000;54.30067988;4.625;0;771000;766;63.2;4.625;0
5;56;182124.69;75.54137508;6.125;1;188000;648;80;6.125;1
0;118;116652.42;94.91653377;11.94;1;116755;621;95;11.94;0
57;63;48191.53;39.34200694;8.5;1;59969;441;100;8.5;0
14;107;370000;71.54033986;7.625;0;370000;687;80;5.75;1
19;98;432844.32;90.96042617;6.625;0;464000;698;80;6.625;0
3;118;272000;82.8449188;7.375;0;272000;657;80;7.375;0
29;89;246303.99;83.35023172;2;1;268000;621;80;0;0
4;116;209250;88.51950355;6.875;0;209250;803;75;6.875;0
4;113;122009.57;80.92171153;6.5;1;124000;633;79;6.5;0
9;112;186405.61;98.73720751;9.625;1;187200;643;80;9.625;0
9;111;1.00E+06;48.57861415;5.125;0;1.00E+06;713;57.8;5.125;0
13;104;460000;112.7869253;5.125;0;460000;684;77.3;5.125;0
31;89;40297.68;67.60354367;2.75;1;51450;769;70;6.5;0
6;114;297027.19;65.97949724;7.95;1;3.00E+05;582;55.1;0;0
4;116;168035.32;54.68475106;9.8;0;168350;537;65;9.8;1
7;111;570400;99.75625969;10.375;0;570400;672;80;7.85;1
0;114;104037.83;78.81653788;6.89;1;105600;680;80;0;0
4;116;255562.12;83.14042896;8.075;1;256000;743;80;0;1
17;104;281951.73;113.6575704;7.75;1;289000;531;85;7.15;1
7;113;42074.64;69.50524515;10.15;0;42500;608;85;0;1
29;92;193267.03;92.92200139;8.1;1;208000;698;80;8.1;0
12;48;192599.29;82.4478816;13.5;0;205000;697;64.1;13.5;1
13;107;394551.39;50.29013934;3.95;1;417000;793;61.8;3.95;0
59;62;102313.41;33.2104119;6.125;1;125344.45;743;83;6.125;0
2;119;250664.26;86.93327675;7.2;1;250750;621;85;0;0
3;118;163997.38;76.44672746;8.5;1;164400;595;80;8.5;0
3;117;77971.08;102.7194087;10.175;0;78194.4;670;100;10.175;0
33;87;50779.8;78.61509725;7.5;1;56000;690;80;7.5;1
18;101;158522.96;129.9841446;6.625;1;159435;581;90;0;1
26;95;303243.32;46.69475296;5.5;1;335000;631;54.5;5.5;0
5;115;443985.29;89.81039254;8.125;1;447000;650;74.5;8.125;1
2;118;99429.64;89.93801072;7.15;1;99750;743;95;7.15;0
36;81;109689.23;74.242389;3.125;0;123300;652;74.8;5.625;1
3;117;562498.74;92.71204252;7.4;0;-9999999;600;90;7;0
21;100;270320;121.4831;7;1;270320;664;80;7;1
4;117;126693.87;84.36813716;8.125;1;127120;626;80;8.125;1
15;103;1119200;113.1765301;4.75;1;1119200;750;80;4.75;1
3;117;351200;71.59245428;5.7;0;351200;721;80;5.7;0
41;79;62836.32;58.98873986;7.99;0;72000;655;76.6;0;0
15;106;367981.66;118.7604362;7.25;0;342400;689;80;0;1
28;92;186381.3;66.46615231;6.5;1;206000;749;63.4;6.5;0
33;87;339883.95;96.27189928;3.125;0;340000;668;80;6.25;0
30;90;768000;96.54070407;2.625;1;789600;749;80;6.875;0
34;86;69469.46;103.3951013;9.1;1;76000;588;93.8;9.1;1
21;59;34962.98;125.2740499;8.5;1;39900;668;95;8.5;0
23;95;80232.62;104.5640311;3;1;88163;682;90;6.875;0
21;100;99502.96;119.7982571;6.5;1;102000;622;85;NA;0
2;116;175268.97;78.18804066;6.75;0;175420;713;79.8;6.75;0
15;105;929142.25;89.22211953;6;1;930000;728;62;0;0
6;114;255434.27;101.1523761;9;0;256000;642;80;9;1
20;100;128643.69;79.49869077;6.4;1;136850;760;85;6.4;0
31;89;93768.61;79.92672028;5.7;1;106200;716;90;5.7;0
11;109;112597.23;124.185473;9.65;1;114300;559;90;9.65;0
4;116;186720.95;84.43527959;7.695;1;187200;635;80;7.695;0
5;113;327108.36;95.56316978;7;0;327200;743;80;7;0
30;90;255695.85;96.94182594;2.75;1;270400;805;80;6;1
7;114;145863.36;99.44493726;8.755;0;146320;596;80;8.755;1
56;65;61219.51;45.64738602;6;1;81126.12;777;98.4;6;1
8;150;489474.6;113.4994566;6.294;0;448000;692;80;1;1
18;100;204490.13;82.85965668;7;1;220000;687;64.7;7;0
15;105;141591.1;109.4589439;7.625;1;146400;789;80;7.625;1
8;112;90619.78;94.73166342;8.125;1;92000;600;80;8.125;0
5;115;140800;80.81576911;7.5;1;140800;575;80;7.5;0
5;115;101457.74;67.55517732;7.59;1;102400;600;80;7.59;0
16;105;175500;131.0072229;6.25;0;175500;776;90;6.25;0
32;88;544821.48;93.26030112;2.875;1;549600;764;80;4.125;0
12;108;89946.04;102.0987153;9.5;0;91000;623;70;0;1
34;26;175648.52;41.84301373;4.625;1;341500;763;71.9;4.625;0
20;100;207889.91;86.91491648;7.85;0;216000;567;63.5;7.85;1
6;114;135691.3;80.09363889;8.5;0;137000;636;100;8.5;0
11;110;497394.31;121.6861854;7.25;0;480000;734;80;7.25;0
15;105;135963.54;118.1842804;8.59;1;140000;616;88.1;8.59;0
12;108;46036.54;61.26432556;13.75;1;46800;566;90;9.75;0
6;115;75407.15;74.54678883;8.76;1;76000;575;80;8.76;0
11;90;1551.37;0.178579936;6.25;1;478400;677;80;3;0
10;111;149588.95;91.69634953;8.99;1;152000;576;80;8.99;0
14;106;608459.58;102.108799;7.25;1;630000;778;75;7.25;0
21;97;235998.23;116.3361238;2.875;0;236000;634;80;0;1
0;117;91441.66;79.51448696;7.5;1;92000;711;80;7.5;0
15;103;304727.4;89.7535799;5.125;1;305000;780;63.5;5.125;0
5;115;339444.31;82.21348188;9.65;0;340000;572;80;9.65;1
5;113;219274.18;89.34583841;7.65;0;220240;640;80;7.65;0
27;90;184814.67;122.2578417;9.9;1;196500;651;100;9.9;0
27;93;631474.05;92.88285321;4;1;650000;647;79.8;4;0
19;101;451068.87;52.76459293;5.875;1;482000;778;70.1;5.875;0
17;104;364506.7;138.7356267;6.75;0;365000;702;100;6.75;0
1;117;78000;80.58562389;7.65;0;78000;649;79.6;7.65;0
18;40;205471.9;50.18329488;5.625;1;388000;752;76.8;5.625;0
32;88;84113.55;87.40411496;5.875;1;92000;495;80;5.875;0
6;114;152247.84;45.39780847;6.432;1;160000;735;50.8;0;0
3;116;122400;71.5471903;5.875;1;122400;652;79.7;5.875;0
25;95;699990.95;107.3747444;2.75;0;7.00E+05;670;80;6.375;0
15;105;496000;110.3036705;5.875;0;496000;721;80;5.875;0
3;117;93425.03;71.6822529;9.8;1;93600;579;80;9.8;0
10;110;119900;104.0813276;11.875;1;119900;607;100;8.875;1
35;26;178342.22;29.65582649;7.49;1;297877;589;64.5;7.49;1
4;117;283502.09;75.72906789;6.95;0;284500;681;73;6.95;0
14;106;335491.46;100.7647996;6.955;0;344000;658;71.7;6.955;0
6;113;123630.78;78.80920907;6.375;0;123750;725;75;6.375;1
47;13;9826.21;16.43590865;10.9;1;22460;490;64.2;10.9;1
12;108;49242.23;103.6847056;9.79;1;50000;508;76.9;9.79;1
9;109;123559.48;92.18985385;6.25;1;127840;736;80;6.25;0
10;111;104678.23;124.3498166;8.65;1;105300;630;89.6;8.65;1
4;117;73011.5;72.16185162;7.5;1;73400;605;78.6;7.5;0
6;79;36037.86;44.0047725;8.99;0;40000;645;57.1;8.99;0
8;110;420906.07;77.98174279;5.75;0;440000;762;80;5.75;0
10;111;139960.38;118.2386526;7.825;1;140720;710;80;7.825;1
28;92;137423.94;91.74122981;5.04;1;148000;560;80;0;0
6;115;84993.19;99.82630149;9.75;0;85450;546;89;9.75;1
9;151;187720.33;120.3471431;5.429;0;183200;674;80;1;0
11;109;396000;117.4307141;7;1;396000;726;80;7;1
3;157;264898.38;64.40170445;8.677;0;258000;653;60;1.45;0
22;38;32166.18;23.97797482;9.95;1;40000;788;53.3;9.95;0
6;114;365558.86;77.36087456;7.88;1;369550;743;95;0;0
2;157;295561.28;68.83199255;7.373;1;291200;657;70;NA;0
15;107;65956.72;101.8587334;7;1;90500;642;100;7;0
10;108;361600;98.34256592;10.25;0;361600;698;80;6.25;1
8;112;70593.53;98.46140606;6.75;1;71900;739;80;6.75;0
17;140;1585966.19;134.5812497;2;0;1360000;716;80;1;1
5;116;179958.75;68.42498607;5.5;1;180000;703;80;5.5;0
14;106;201456.8;102.9270968;8.25;0;207500;738;77.7;8.25;0
26;75;690000;41.29233898;4.25;1;990000;751;63.9;3.125;0
11;110;206811.99;56.00318302;8.65;1;213000;549;64.1;0;1
6;114;130674.7;77.40878751;8.25;1;132000;614;100;0;1
14;107;97634.85;106.6158828;5;1;106200;693;90;5;0
1;115;96746.17;72.36963757;9.99;1;97487;568;75;7.99;1
21;98;385204.08;109.9305948;5;0;399500;601;85;0;0
3;117;87742.83;78.63580391;8.75;1;88000;607;80;8.75;0
23;97;197572.15;117.3974884;3.94;1;195600;623;80;3.94;1
35;85;380140;82.27606626;2.25;0;393140;691;80;3.625;0
26;92;108000;111.7606901;7;0;108000;667;80;7;1
10;107;261897.3;107.537824;6.125;0;272000;687;80;6.125;0
8;112;110670.58;102.6492544;8.875;1;112000;688;80;8.875;1
6;52;37739.15;85.6270835;8.475;0;40000;604;88.9;8.475;1
10;110;750000;111.4068851;7;0;750000;685;79.8;7;0
11;109;259832.05;96.00264787;9.25;0;260000;709;80;0;1
26;95;112944.4;92.03131617;6.188;0;121600;633;80;6.188;1
0;118;259828.5;99.93403846;6.99;0;260000;683;100;0;0
12;93;33824.57;56.92678291;11.75;1;35500;629;68;11.75;0
2;111;249177.16;72.0412115;7.75;1;253600;581;80;0;0
22;98;174281.31;101.9035286;6.875;1;186000;658;75.9;6.875;0
7;114;67258.39;63.61450737;8.5;1;68000;558;85;8.5;0
7;113;223998.31;120.1614788;8.125;0;214000;678;80;8.125;0
0;117;369035.29;89.89897442;6.99;0;369450;663;90;6.99;1
28;92;90033.52;62.36808401;8.85;0;96000;688;80;8.85;0
16;144;583664.92;125.7176221;4.182;1;532000;711;80;1.9;1
32;88;123017.69;87.56287568;2.875;0;133200;662;80;6.5;0
2;115;271394.27;81.79495202;8.6;0;272000;548;80;2;1
17;103;62791.14;109.1759395;7.625;1;63920;643;80;7.625;0
4;117;134418.98;88.64921997;7.75;0;135000;612;100;7.75;0
1;115;191487.49;78.89088833;6.5;0;192000;683;80;6.5;0
5;155;242805.57;110.7175795;8.475;1;233700;685;95;1.375;1
32;89;107359.58;85.16631551;3;0;116800;754;80;0;0
2;118;99598.76;91.28217294;6;1;1.00E+05;676;100;6;0
14;107;428000;115.2807119;5.5;1;-9999999;696;80;5.5;0
5;108;155799.76;72.05689942;6.375;1;161000;660;70;0;0
20;100;78706.32;126.5042423;9.55;1;81000;602;90;9.55;0
6;112;243045.12;125.0252415;8.85;0;245700;681;90;0;1
7;114;94548.35;71.53663501;9.494;0;95400;629;90;0;1
6;114;166496.23;80.55624553;6.75;1;168800;630;80;6.75;0
6;154;271036.71;98.15004133;7.75;1;260000;728;74.3;1.25;1
6;114;146963.81;97.44389222;7.45;0;148640;640;80;7.45;1
3;115;114077.07;74.48759745;6.29;1;114080;713;79.8;0;1
16;104;65500.29;124.4690207;8.625;1;67500;679;90;8.625;0
18;154;346672.91;147.7438247;2;0;315000;609;90;2;0
5;112;621000;93.55329646;5.8;0;621000;681;83.4;5.8;0
20;101;458315.61;106.3786589;3.768;0;418000;654;66.4;1;0
4;116;103800;74.0704179;7.875;0;103800;715;70;7.875;0
0;117;726608.87;89.37378475;5.25;1;731700;723;90;5.25;0
4;116;496634.56;68.79678454;8;1;5.00E+05;606;68;0;1
12;108;84284.29;120.7155556;10.625;0;85000;585;82.5;8.7;1
6;114;149000;76.57555424;5.5;1;149000;736;77.6;5.5;0
8;53;104737.17;39.62999337;5.125;0;113000;754;59.5;5.125;0
13;108;361524.47;114.5043806;4.125;0;337500;660;75;1;0
17;104;186606.97;87.87386475;7.25;1;195900;682;80;6;1
21;139;207555;119.9468748;3.418;0;187500;714;75;1.4;1
19;102;73149.21;129.5410851;8.24;1;76000;657;100;8.24;0
14;106;515834.78;67.14936601;5.625;1;775000;767;70.5;5.625;0
26;95;347514.08;96.71374629;6.75;0;368000;604;80;0;1
15;105;730571.74;103.3897401;6.875;0;760000;765;76.4;6.875;1
4;114;368785.79;79.08112936;5.125;1;380000;801;80;5.125;0
17;101;309177.41;117.4284328;6.375;1;310400;730;80;6.375;1
7;154;195185.88;88.8306635;8.365;0;196000;622;80;8.365;1
18;102;94726.82;109.1616564;8.125;0;98000;641;80;8.125;1
18;102;149110.51;102.2212743;6.75;1;157100;664;75;6.75;0
23;98;127756.89;103.4011754;6.75;1;136800;672;80;6.75;0
17;101;195437.67;109.3649136;6.5;1;195450;737;79.8;6.5;1
7;153;384839.1;67.47599053;7.11;1;388000;738;80;1.1;0
7;113;426899.04;120.7060508;7.3;1;430000;651;100;0;0
28;92;188000;109.1078394;3;1;188000;635;80;5.875;0
8;113;106863.06;129.6867113;9.65;1;107000;664;100;9.65;0
3;117;208434.96;92.60152932;7.2;1;209440;604;85;7.2;0
5;116;468000;70.18049373;5.125;0;468000;776;72;5.125;0
21;99;106151.64;63.81901889;11.625;1;109155;630;95;NA;0
20;100;77795.6;114.0576009;9.74;1;77600;608;80;0;1
33;87;311400.3;64.11095886;5.375;1;359600;683;61.5;5.375;0
3;115;163186.47;81.607979;6.75;0;164792;716;80;6.75;0
37;84;179982.05;90.13128251;7;0;191250;692;90;5.65;1
7;110;63820.62;96.99366068;7.75;1;64000;623;80;0;1
8;112;545630.04;95.91769102;6.375;1;557650;768;67.6;6.375;0
9;111;100449.98;69.71182661;6.375;1;100450;701;80;6.375;0
28;92;499623.94;88.06094385;7;1;545000;711;76.8;7;0
21;140;196176.04;122.1605963;5.125;0;186824;546;80;5.125;0
9;111;134199.99;117.4491595;8.5;0;134200;628;80;8.5;0
13;107;458591.53;52.8664865;5.25;1;480000;729;79;5.25;0
24;96;112700;97.51237067;4.125;0;112700;680;70;6.25;0
6;114;612425.87;97.98345129;7.125;0;616000;701;80;7.125;0
4;116;125975.7;98.20609201;7.84;1;128000;623;100;7.84;0
2;118;142180.75;97.13020083;7.5;1;142500;720;95;7.5;0
6;114;478858.85;94.81443213;8.75;1;480000;575;75;0;1
4;117;58613.36;71.59998863;8.35;1;58650;556;85;8.35;1
24;76;186080.62;45.26396761;6.25;0;186100;618;95;7.5;1
42;18;49958.25;19.14545095;5.5;0;123000;716;56.7;5.5;0
36;84;120906.87;70.25275059;5.95;0;140000;599;80;5.95;0
18;103;229912.41;110.9723825;5.875;1;230000;642;80;5.875;1
28;93;97410.66;87.80321792;2;1;137000;634;94.5;7.875;0
22;99;226126.97;129.0917009;7.825;1;238500;703;90;7.825;0
12;108;130616.71;58.27617362;5.25;1;136000;677;73.5;0;0
4;117;167796.59;88.55164639;8.625;0;168000;657;80;8.625;1
17;103;48689.13;136.8678662;10.625;1;50000;626;100;10.625;0
5;115;168000;89.7393731;8.125;0;168000;678;80;8.125;1
8;113;165662.86;58.50583972;8.15;1;168000;569;80;0;0
4;116;118056.88;59.90379475;6.75;0;119000;703;70;6.75;0
28;93;178293.74;113.6287661;7.625;0;192600;647;90;7.625;0
3;117;399888.85;83.60953448;8.105;1;4.00E+05;601;80;8.105;1
27;93;363042.69;101.4104589;6.16;1;4.00E+05;678;79.2;6.16;0
2;118;181441.88;81.3768739;7.375;1;181500;681;80;7.375;0
12;108;518337.28;85.35268359;5.25;0;520000;737;80;5.25;0
19;99;650000;111.7129746;3;1;650000;772;74.5;5;0
20;100;72861.87;110.9467795;8.875;1;76000;633;80;8.875;1
12;109;119954.84;109.7399128;7.25;1;121500;604;78.4;7.25;0
1;118;177196.79;55.7825194;5.375;1;178000;624;56.5;5.375;0
4;156;192655.13;96.15111202;8.427;0;187000;684;88.2;1.9;0
7;113;1.00E+06;82.09616415;6.375;1;1.00E+06;733;78.7;6.375;0
15;105;217198.41;83.85141294;5.825;1;2.00E+05;600;53.3;0;0
10;110;134838.44;107.4769493;7.875;0;135000;706;74.2;7.875;1
8;112;188000;96.17451107;8.625;1;188000;520;80;8.625;1
11;109;123577.45;53.50083529;9.125;1;127200;667;80;0;0
33;87;185853.08;90.56571374;6.75;0;200800;741;80;6.75;0
16;105;74909.85;46.89342548;6.125;0;76900;680;69.9;6.125;1
3;117;56381.57;82.81784732;11.4;1;56400;580;80;0;1
11;108;120859.48;77.44173418;5.625;1;121000;667;78.1;5.625;0
6;114;468321.31;73.92706592;5.8;1;-9999999;697;80;5.8;0
19;101;372113.53;82.37307415;5.375;1;4.00E+05;767;70.3;5.375;0
4;116;99486.43;87.54213889;9.5;1;1.00E+05;536;79.4;0;0
26;94;180835.95;95.35779621;6.5;0;181077;746;79.1;6.5;1
12;108;356000;112.4886191;6.1;1;356000;688;80;6.1;1
7;114;79654.92;79.63435682;7.75;0;80640;633;90;7.75;0
31;89;222407.85;99.07140963;2;1;224000;668;80;2;0
20;100;174973.47;98.4973169;2;1;161250;722;75;1;0
11;105;248819.88;103.5562501;8.5;0;259672;658;90;0;1
8;111;122675.27;95.96228564;7.875;0;124500;643;75;7.875;1
17;103;398210.22;117.3086616;2.786;0;380000;682;77.6;1;0
33;87;117147.03;64.96238458;6.2;0;134050;731;78.9;6.2;0
33;88;155200;95.96589395;5.375;1;155200;650;80;7.5;0
6;114;249713.48;89.9664453;8.6;0;250400;620;80;8.6;1
25;95;150401.63;92.56446738;6.125;1;164000;733;75.2;6.125;0
24;96;51277.08;104.4565531;3.5;1;56250;735;75;1;1
10;111;622383.48;97.78129519;10.75;1;625956;619;80;8.6;1
4;112;143275.12;81.00906829;9.49;1;144900;557;89.2;9.49;1
24;97;331912.35;117.2404472;5.125;1;357000;682;85;5.125;0
18;103;206103;147.2372496;3.04;1;203000;748;100;3.04;0
7;113;166386.05;41.38849128;5.625;0;170000;688;56.7;NA;0
24;97;158375.05;108.1544779;6.875;1;170000;718;100;6.875;0
34;86;97127.93;106.1803281;6.75;1;103500;680;100;0;0
10;110;173073.43;109.8289572;8.625;1;176000;602;80;7.7;1
2;118;127767.94;74.92440661;6.5;0;128000;711;80;6.5;0
23;97;91350.92;95.39799597;6.875;1;97800;644;80;6.875;0
8;112;44492.39;63.77966852;9.25;1;45000;675;90;9.25;1
6;115;608000;89.74006018;6.625;0;608000;709;74.2;6.625;0
18;100;545045.4;128.2814615;6.125;0;554550;729;90;6.125;1
31;90;339910.4;67.43699805;5.375;0;386500;749;77.3;5.375;0
15;105;58195.18;119.9779928;7.73;1;60300;679;90;7.73;0
25;95;526559.33;117.2180441;2.375;1;496000;666;80;7;0
22;98;155667.66;134.4201928;3.875;0;142400;675;80;0;1
4;116;319999.97;68.73503138;4.625;1;320000;692;80;4.625;0
8;113;85884.65;84.97053537;8.3;1;87000;660;100;8.3;0
4;97;416328;68.89379988;4.75;0;416328;765;79.9;3.75;0
22;99;372661.63;126.2261301;4.625;1;324800;729;79.6;0;1
41;79;73218.87;67.12366786;5.875;1;88000;762;80;5.875;0
8;112;317890.05;137.798664;8.625;0;310650;741;95;8.625;1
20;97;207380.33;82.95905941;5.75;0;225000;692;61.6;5.75;0
10;110;178244.24;127.966299;8.2;1;181800;680;90;8.2;1
10;107;287775.92;108.5830077;7.85;0;296000;620;80;7.85;1
38;82;343945.31;58.91695933;5.75;0;405000;759;73.5;5.75;0
0;117;57926.68;67.35660465;7.75;0;60200;651;70;7.75;0
15;102;596575.57;71.55735794;4.25;0;650000;681;75.3;4.25;0
21;99;123858.27;71.75822234;6.25;0;132700;717;80;6.25;0
5;115;416138.75;94.71114039;6.54;0;420000;671;80;6.54;0
12;26;15050.53;33.09020113;14.7;0;21500;489;53.8;14.7;0
16;104;34900.49;101.9940529;8.75;1;36000;583;80;7.525;0
5;115;303200;95.58994197;6.875;1;303200;711;80;6.875;0
13;108;454819.92;116.5945383;7.375;0;425100;682;79.9;0;1
11;109;133286.34;139.2386074;9.375;1;135850;595;95;8.5;1
9;111;274602.08;121.0340125;8.325;1;276250;662;85;0;1
11;110;6.00E+05;77.91784901;6.75;0;6.00E+05;681;56.1;6.75;0
27;93;479758.22;112.294925;6.375;0;480000;715;80;6.375;0
28;93;161000;95.46935951;3;1;161000;734;70;5.75;0
24;96;175102.01;60.23765199;7.75;1;186500;660;67.1;7.75;0
21;99;228770.2;85.82716735;6.5;1;252000;694;80;6.5;1
8;113;626299.64;68.77309775;4.5;0;626300;723;79.9;4.5;0
9;52;47789.21;69.52978307;9;1;51000;638;100;9;0
14;105;99126.38;111.5953091;8.8;0;102400;723;80;8.8;0
9;111;369357.86;78.39158437;8;1;376200;752;95;0;0
6;114;144090.82;93.63724029;6.25;1;146250;672;75;6.25;0
12;108;185742.99;119.2867878;7.775;1;184000;656;80;7.775;1
25;35;60808.52;51.39184719;5.9;1;87500;617;58.3;5.9;0
11;109;107704.81;97.96279964;11.5;1;107800;535;70;11.5;1
11;107;207462.4;110.682864;6.5;0;210037;691;80;6.5;0
38;82;124007.57;57.54971925;7.75;0;139826;559;100;7.75;0
8;112;155550;109.7612438;7.625;0;155550;707;80;7.625;1
4;111;173145.97;80.10038914;6.125;1;178000;652;79.1;6.125;0
16;104;269525.41;44.19449064;5.99;0;285000;663;51.8;5.99;0
33;87;32675.17;111.5853066;9.75;1;35000;673;100;9.75;0
4;117;211028.29;94.3440377;8.25;1;211200;678;80;8.25;1
28;92;953818.53;59.79146365;3.125;1;1.00E+06;751;54.1;4.125;0
13;108;120391.2;109.9075348;7.125;1;124720;677;80;7.125;0
7;114;280640.15;93.31870561;9.99;1;281250;513;75;9.99;1
2;99;269200;73.31992722;4.625;0;269200;810;80;0;0
31;90;56720.49;102.1142482;7.5;1;64800;628;90;7.5;0
6;108;406265.96;61.36833746;6.65;1;420000;658;75;6.65;0
11;110;480000;96.06470197;5.5;0;480000;642;80;5.5;1
7;113;335200;83.45226343;6.39;1;335200;642;80;6.39;0
19;101;351879.73;92.38169877;7.875;0;367500;657;70;7.875;0
37;84;262160.03;70.45172625;2;1;334000;678;77.7;1;0
43;77;396674.83;46.14640647;2.875;1;515000;712;72;4.5;0
23;97;68016.75;108.5428157;7.9;1;72000;630;90;7.9;0
12;108;317260.13;78.15705385;10.625;0;325000;547;69.2;6.99;1
5;115;134797.08;84.34671742;7.25;1;136000;612;80;7.25;0
9;112;142517.34;51.20193005;6.21;0;276000;814;80;6.21;0
0;118;552000;80;9.375;0;552000;789;80;0;1
3;117;42518.57;78.53118307;6.875;0;42700;729;80;6.875;0
32;129;844780.73;75.23470286;2.75;0;920000;701;70.8;0;0
31;89;109318.63;114.2750347;8.35;1;117800;629;95;8.35;0
27;93;324795.63;86.51228433;3;0;325000;765;65;5.375;0
34;126;176217.35;53.69380086;2;0;230000;551;59;2;0
3;118;427056.04;97.78302938;8.2;0;427405;624;95;0;1
5;113;178213.88;101.7427098;8.65;1;180000;511;78.3;0;1
5;95;317213.86;60.45661945;3.375;1;319000;688;75.1;0;0
8;112;115845.83;122.2632922;9;1;117000;745;90;9;1
8;113;256685.27;121.4400625;7.25;1;261000;759;90;7.25;0
30;89;131539.77;106.7796629;3;0;132581;654;80;5.5;0
14;146;436899.43;113.7300763;6.529;1;396000;800;80;1.1;1
6;115;126319.08;58.87285265;7.9;1;127500;608;75;0;0
6;114;122400;67.6724557;5.375;1;122400;694;80;5.375;0
34;83;196426.3;67.31381751;3.25;0;220000;689;65;6.5;0
22;98;317892.1;41.95781648;6.625;0;340450;776;79;6.625;0
8;110;103387.47;99.51402705;6.5;1;103400;684;90;0;0
12;108;164730.95;110.1561955;10.625;1;168300;594;90;7.8;1
15;105;154284.42;70.22847231;6;0;162000;721;60;6;0
14;107;90614.41;113.5444966;8.74;0;92000;516;80;0;1
15;103;439936.98;110.4885206;6.875;1;440000;712;80;6.875;0
12;106;194400;118.0515161;5.75;0;194400;757;80;5.75;0
5;115;237536;85.0994218;8.5;0;237536;637;80;8.5;1
11;106;101162.35;109.9959907;7;1;101250;661;75;7;0
12;108;157749.28;69.16186789;5.881;1;164000;772;57.5;5.881;0
14;106;389784.12;65.43416903;5.99;1;410000;643;87.2;5.99;0
7;113;89627.87;98.41642919;10.1;1;90250;614;95;10.1;1
5;116;147935.21;70.39561334;6.5;1;148000;672;80;0;0
4;116;555200;77.03953798;5.75;0;555200;680;80;5.75;0
10;110;1064391.89;100.1210661;5.625;1;1.00E+06;533;63.3;1;1
10;111;649793.65;64.03252141;7.625;1;650000;691;68.4;4;0
19;101;444802.98;76.79343833;5.25;0;580000;801;74.4;5.25;0
10;110;380646.34;115.191508;10.125;0;383374;676;80;7.99;1
29;92;400802.02;66.54842768;5.75;1;448000;780;80;5.75;0
36;85;190217.17;89.68726538;2.75;0;225000;708;90;8.375;0
34;87;160347.04;84.82225878;6.25;0;179731;721;95;6.25;1
6;114;128938.33;90.78023586;7.5;1;130500;643;90;7.5;0
16;101;492000;106.7682861;7.4;1;492000;605;78.1;0;1
10;108;309214.36;107.9217063;6.5;1;320000;665;80;6.5;0
2;119;1850000;66.39881768;6.75;0;1850000;677;64.9;6.75;0
37;84;453422.7;65.13334622;2;0;540000;720;80;4.5;0
40;80;212965.73;58.81597396;6.875;0;228000;706;60;6.875;1
3;117;440672.71;83.27682721;7.5;1;441000;674;90;0;1
30;90;228328.53;66.56703321;2.925;1;380000;666;95;2.925;0
37;81;126580.11;91.38945658;2.625;1;128000;692;80;5.375;0
4;117;101600;83.28288172;6.875;0;101600;757;80;6.875;0
11;109;503517.48;111.0064199;6;1;504000;749;80;0;0
6;114;334400;75.13287468;6.6;1;-9999999;651;80;7;0
25;93;45567.33;108.5831474;10.875;1;47900;635;82.7;10.875;0
35;86;231649.08;97.18848916;2;0;276000;660;100;7.65;0
29;88;73351.1;119.9692453;8.799;0;79000;659;100;8.799;1
6;112;183479.95;68.9743685;4.875;0;183750;752;70;4.875;0
28;92;1243622.11;92.86308162;5.25;1;1400000;614;80;0;0
12;108;155477.04;107.2369691;7.5;1;157250;652;73.5;7.5;1
5;112;120765.15;86.32618958;8.35;0;122400;525;85;8.35;1
14;107;163153.57;74.54745812;6.875;1;165000;666;54.6;6.875;1
21;96;237826.51;122.5927336;6.75;1;256025;750;95;6.75;0
16;104;495834;112.7274515;3.5;1;460000;723;74.8;1;1
36;24;54311.41;47.11937687;5.75;1;102880;640;80;5.75;0
14;146;508445.8;138.9249027;4.861;1;458850;748;90;1.725;1
7;113;464000;83.45226343;6.7;1;464000;646;80;6.7;1
17;96;225872.48;75.96274015;2.648;0;260000;765;80;0;0
10;110;181999.97;116.467851;10.9;1;182000;618;100;7.9;1
5;115;81938.49;69.35527289;6;0;83100;654;79.9;6;0
5;116;359847.46;63.16776011;5.75;0;366000;653;79.6;5.75;0
41;79;129919.03;74.22391096;7.75;1;149150;602;95;7.75;0
20;100;129766.37;124.4721479;7.75;1;131750;529;85;7.75;1
6;114;234691.48;90.10921806;10.05;1;236250;536;75;10.05;1
10;108;482815.05;121.456403;5.08;1;495000;672;90;5.08;0
9;111;7.00E+05;99.15798804;7.875;0;7.00E+05;647;80;7.875;0
11;107;224800;117.4307141;6.5;0;224800;713;80;6.5;1
6;114;115920.01;75.13288116;6.125;0;115920;640;80;6.125;0
5;115;68455.73;73.20556333;6;1;76000;652;95;6;0
14;106;474118.56;109.0792365;6;0;497512;737;80;6;0
20;101;132334.98;132.0214949;8.125;1;116000;671;80;0;0
8;110;271618.62;111.910273;8.3;1;277000;663;78.7;8.3;0
9;108;93610.78;84.26773966;11.2;0;96000;584;80;7.2;0
7;113;377222.34;84.04923261;9.55;0;380000;624;67.9;9.55;1
5;116;693359.38;53.03253023;6.375;1;7.00E+05;727;53;6.375;0
7;114;249504.32;73.07959574;5.875;0;253800;668;90;5.875;0
29;91;34133.2;72.56314419;6.99;0;40800;655;80;6.99;0
9;112;221150;86.41849803;6.25;0;221150;680;80;6.25;0
26;94;893571.44;71.95002541;7.125;1;925000;704;61.7;7.125;1
13;107;999907.33;75.82598022;6.25;1;999999;737;55.6;6.25;1
5;95;195673.56;42.43122657;4.75;0;195750;670;52.8;0;0
13;108;187272.53;133.3062478;5.625;1;180000;669;90;5.625;0
29;92;231833.6;84.87343618;7.435;1;252000;719;80;7.435;0
27;93;64000;98.85647608;6.75;1;64000;773;80;6.75;0
15;105;103250;97.83775272;4.25;1;103250;762;70;5.75;0
0;119;198574.65;74.93383019;6.625;0;198750;624;75;6.625;0
11;109;78176.15;62.07985251;10.5;1;79050;459;85;10.5;1
9;111;311647.47;118.5741483;5.875;1;292000;784;80;1;0
15;106;188686.02;112.4838002;7.75;1;194400;637;80;7.75;1
27;93;395636.96;108.3104462;3.75;0;408000;601;80;3.75;1
33;87;301794.28;67.51913134;6;1;344000;682;80;6;0
0;118;238244.71;89.90366415;8.27;1;238500;647;90;0;0
9;112;266450.13;77.2829688;7.4;1;270800;664;80;7.4;1
8;112;109886.91;71.45625348;6.75;0;110000;627;59.5;6.75;0
14;106;699703.56;126.2504133;4.625;1;641600;762;80;1;1
19;101;765000;81.652975;6.5;0;765000;775;55.6;6.5;1
1;117;194526.74;73.69473863;6.65;1;195750;602;75;0;0
6;114;409242.98;61.03213677;6.2;1;415000;676;65.9;6.2;0
4;114;334320;88.65899238;6.75;0;334320;757;80;6.75;1
4;116;293448.56;113.9841774;9.44;1;294500;620;95;9.44;1
7;114;55356.46;89.03816322;8.25;1;55800;662;90;8.25;1
7;113;315466.29;99.09824302;6.625;0;317561;739;80;6.625;1
15;105;251722.08;64.42397164;10.875;1;252000;652;90;0;1
5;115;1400000;64.94980009;6.625;1;1400000;691;70;6.625;0
4;116;73882.55;82.7926759;8.6;1;74320;599;80;8.6;0
4;116;175750;79.2504876;7.75;1;175750;631;95;7.75;1
5;109;109688.83;82.45985876;8.25;1;113200;651;80;4.875;0
4;117;58620.89;64.02232422;6.75;1;59000;605;74.7;6.75;0
7;113;123991.99;102.6316618;8.375;0;123992;712;80;8.375;1
8;110;157303.18;86.97650041;6;1;160000;785;80;0;0
3;117;497302.18;66.39219937;5.625;1;5.00E+05;735;76.9;5.625;0
10;110;138821.43;115.0402825;10.125;1;140000;727;80;7.55;1
12;108;207270;117.6372007;8.5;1;208000;695;80;6.999;0
6;154;631965.26;117.1143471;9.623;1;587365;678;90;1.625;1
14;104;115377.56;113.7943959;8.9;1;119000;557;85;8.9;0
31;89;136213.35;87.48515297;7.59;1;155920;586;80;7.59;0
7;113;93688.95;70.23526979;9.4;1;94500;572;89.6;0;1
14;106;150996.8;91.96842605;5.5;0;160000;722;68.1;5.5;0
15;105;112155.45;84.14005486;11.75;1;114000;542;82.6;8.75;0
7;114;202095.09;88.36823384;8.25;1;204000;533;80;8.25;1
36;84;230629.98;89.45863201;2.875;0;243900;659;80;5.625;0
10;110;210400;118.8803803;7.5;1;210400;621;80;7.5;1
13;108;324000;80.24060707;5.875;0;324000;691;60;5.875;0
13;107;43557.66;142.8182783;9.625;1;44500;644;100;8.875;0
31;89;80292.12;60.93322808;10;1;85000;594;75.9;0;0
3;117;1376925.23;72.00103577;7.875;1;1379000;656;70;7.875;0
10;110;478608.7;116.4220092;7.375;1;452000;629;80;7.375;1
5;116;79317.95;45.51335918;6.4;0;80000;621;57.1;6.4;1
22;98;487610.8;104.6038025;5.5;0;535000;738;79.9;5.5;0
12;108;100118.96;53.28147766;6.5;1;103375;613;79.5;6.5;0
17;84;81371.03;106.2591493;7.5;1;91278;576;85.8;7.5;0
3;117;253443.34;82.79374181;7.75;0;253600;642;80;8;1
5;116;594307.96;68.93542085;6.375;0;6.00E+05;735;71.4;6.375;0
23;98;84573.67;110.9736424;6.375;0;91200;681;80;6.375;1
5;113;204000;82.34807011;6.99;0;204000;758;80;6.99;0
8;113;123366.94;88.94056808;7.25;0;125000;625;69.4;7.25;1
25;95;88088.79;98.54457812;2.25;0;91986;558;80;2.25;0
10;111;260498.32;93.35287544;7.613;0;260000;725;80;1;1
35;85;58720.89;89.42158966;8.375;1;60000;622;100;8.375;1
6;115;423101.69;79.48953732;7.463;1;412000;695;64;1;0
12;105;280008.5;107.4891885;2;0;267000;650;79.7;7.25;0
6;154;368315.84;106.4973255;7.1;1;370500;688;95;7.1;0
11;49;25476.4;63.6786914;5.625;0;28800;760;80;5.625;0
34;86;103529.98;83.14751274;7;1;103530;718;70;7;0
22;98;469211.91;109.9143908;3.375;0;472000;759;80;0;0
12;108;151875.57;103.6902005;4.873;1;150000;703;69.4;1.825;0
4;115;86860.08;79.02279618;6.375;1;88000;641;78.6;6.375;0
9;112;652800;97.21142575;6.25;0;652800;772;70;6.25;0
10;111;147138.24;115.3414224;9.125;1;148000;665;80;8.53;1
5;116;84978.55;90.36324837;8.625;1;85500;587;90;8.625;0
7;114;148097.35;74.93850607;6.6;0;150320;553;80;6.6;0
20;98;100147.37;102.4276222;6.25;0;108000;700;74.5;6.25;0
33;88;86325.45;28.06566133;10.75;1;91200;570;80;10.75;1
30;50;65606.22;52.307477;6.375;1;85000;678;53.1;6.375;0
11;69;269244.94;69.52939494;13.625;0;279000;667;60;10.38;0
3;117;134821.44;117.6870314;9.5;0;135000;664;100;9.5;0
16;104;97981.71;58.82490634;12;1;100500;569;82.4;0;1
26;95;128928.87;127.2239042;8;1;135000;573;90;8;1
7;113;716000;89.20117606;6.375;0;716000;750;80;6.375;0
24;96;786728.48;64.37803261;5.5;1;859000;650;57.3;5.5;1
7;114;176076.11;74.44739579;8.875;1;177650;590;95;8.875;0
33;48;18779.36;93.92663732;4.875;0;18850;659;80;6.125;0
19;102;406384.02;111.8117547;7.5;0;436000;740;80;7.5;0
2;117;294849.98;84.44304432;6.125;0;294850;673;90;6.125;0
9;51;102753.7;60.97819966;6.5;0;111745;680;50.8;6.5;0
8;113;192627.85;62.30811461;5.125;1;197200;757;85;5.125;0
24;96;82760.69;125.9083929;8.175;1;81600;538;85;8.175;0
12;108;118103.11;89.89751666;10.2;1;121600;597;80;6.2;0
19;101;426877.87;32.6885472;6.3;1;454000;798;61.4;6.3;0
42;38;25494.38;34.89401183;9.25;0;37781.21;641;86;9.25;0
8;112;374400;103.882319;8.325;1;374400;648;80;0;1
39;82;408836.56;82.52547021;6.99;1;465500;617;95;6.99;0
3;118;359388.33;63.47845345;10.25;0;360000;522;63.2;0;0
42;78;46892.63;29.2493147;7;0;54750;560;100.5;7;0
13;108;463048.09;99.33871556;5.875;1;480000;705;77;5.875;1
31;89;79497.54;67.68460568;7.29;1;87000;584;79.8;7.29;1
8;112;1865000;96.87026248;6.5;1;1865000;721;74.6;6.5;0
4;116;107518.25;81.12238539;6.625;1;108000;488;80;6.625;1
11;110;180723.72;80.58222337;8.29;1;186000;549;59.6;8.29;0
10;111;521504.32;90.6544738;5.875;1;536000;713;80;5.875;0
22;98;106300.96;112.6978033;9.175;1;108300;608;74.7;9.175;1
2;115;133681.83;74.44989297;6;0;135200;691;80;6;0
12;109;338130.94;111.8702427;6.825;1;340000;626;80;6.825;1
4;114;119200;88.65899238;7.625;1;119200;732;80;7.625;1
27;94;450796.74;70.54860275;6.25;1;494400;671;80;6.25;0
23;92;174937.32;83.17160731;5.75;0;195000;759;60;5.75;1
15;104;175116.05;113.0309128;5.75;1;175200;715;80;5.75;1
29;91;75153.71;65.1469909;7.125;0;85000;617;58.6;7.125;0
27;93;71870.04;85.46205472;6.5;1;79000;700;79;6.5;0
26;94;112524.77;72.39214136;5.875;1;124000;745;80;5.875;0
15;105;92476.45;109.1778824;8.125;1;93600;610;80;8.125;1
8;113;579335.05;89.02019712;6.625;1;6.00E+05;763;71;6.625;0
17;100;299075.51;97.50786624;6.5;1;316400;724;70;6.5;1
11;109;112148.1;78.12782617;11.625;1;114000;504;80;8.875;1
3;117;209028.68;90.25662865;9.65;0;209709;614;90;9.65;0
5;115;257932.71;84.42278648;7.525;1;260000;697;80;5;1
7;111;119431;102.63167;7.25;0;119431;733;80;7.25;0
29;92;102132.29;103.3378863;6.375;1;103900;709;80;6.375;0
28;108;172473.32;106.3111382;4.5;0;169600;616;80;4.5;1
9;111;72996.72;116.2066577;10.125;1;73800;661;90;10.125;1
5;116;120027.75;67.92217618;8.05;0;120944;598;80;0;0
17;103;231020.22;98.91531528;5.99;0;250000;681;78.1;5.99;0
15;105;602776.01;115.6412671;5.3;1;576000;693;80;0;0
7;113;175219.14;38.48303418;6.625;0;181000;790;52.9;6.625;0
9;111;380000;111.0987723;7.69;1;380000;697;80;0;1
11;109;72580.43;117.7773206;11.625;1;74000;638;100;8;1
4;116;172806.95;76.53281085;5.9;1;174600;686;90;0;0
7;114;122692;82.57197665;8;1;124000;610;80;0;1
34;86;147526.6;87.61765873;7.125;0;165000;697;82.5;7.125;1
6;115;175029.71;94.40858007;8.99;1;175500;750;90;0;1
12;106;433129.16;109.9280686;8.125;1;441600;622;79.7;7;0
9;111;175946.65;86.39230242;6.75;0;176000;775;80;6.75;0
7;113;102612.59;71.52413855;9;0;-9999999;605;85;9;0
5;115;235998.62;80.81529654;5.75;1;236000;719;80;5.75;0
4;116;348558.74;105.3791491;9.999;0;350000;758;100;9.999;0
11;90;181543.92;80.87027335;7.375;1;181800;760;90;4.625;0
38;83;63467.62;74.95516534;7.9;1;71100;552;90;7.9;0
29;91;68752.31;95.45612353;10.5;1;72000;509;80;0;1
11;110;62819.17;106.2448036;8.375;1;63900;699;90;8.375;1
7;114;78071.79;79.81705726;6.4;0;79050;626;85;6.4;1
28;92;174501;105.3553808;5.5;1;184000;660;80;5.5;1
6;110;129958.41;64.40238373;10.5;1;131991;585;75;7.99;0
16;105;406121.72;115.7618679;6.875;0;4.00E+05;696;80;6.875;0
5;115;168367.25;102.9555984;8.85;1;169150;542;85;2;1
4;116;158048.06;81.1000183;8.75;1;158800;589;80;8.75;1
7;110;114122.6;58.45169654;9.25;1;119000;614;74.4;9.25;0
5;115;127677.14;88.74818502;7.25;0;128925;698;75;7.25;0
8;112;119429.52;59.76937774;4.75;0;119960;760;80;0;0
25;96;84862.6;97.60542013;8.25;1;90000;633;75;8.25;0
5;91;38858.31;80.72037915;12.49;1;40500;565;75;12.49;1
3;118;57084.93;73.18029547;9.45;1;57200;526;80;0;0
9;51;65706.63;52.59007629;9.24;1;69000;537;75;9.24;1
28;93;426977.77;61.25487299;6.625;1;487000;690;67.6;6.625;0
16;104;475112.78;118.2207139;4;1;468000;637;80;4;1
11;109;177590.95;111.1071352;6.75;0;177600;685;80;6.75;0
29;91;286289.32;67.14730194;2.875;1;330000;778;58.9;5.5;0
8;113;146324.14;56.23460783;6.15;1;149200;651;80;6.15;0
12;108;474999.8;90.27207883;5.875;0;475000;679;64.2;5.875;0
44;89;56174.89;38.74759197;7.75;1;54702;524;89.7;7.75;1
8;112;526000;84.37895614;6.375;1;526000;642;61.5;6.375;0
6;155;600941.26;65.21521126;7.132;1;598000;704;69.1;1.1;0
7;113;251273.69;101.8352377;8.363;1;240000;653;80;1.8;0
1;112;42718.03;74.02025136;9.25;1;43200;532;80;9.25;1
16;104;688000;72.17279175;4.125;1;688000;788;80;4.125;0
3;117;237545.11;76.15919157;8.438;1;238000;597;85;8.438;1
14;106;333576.57;91.77875623;6.625;0;346750;733;95;6.625;0
23;37;64466.53;74.04749516;5.5;1;89012;723;89;5.5;0
26;92;58385.43;104.5704479;8.75;0;62400;687;80;8.75;0
26;94;141984.62;134.1482064;9.75;1;149000;729;100;9.75;0
22;97;149037.52;122.5011393;6.5;1;149600;744;80;6.5;1
20;101;199807.67;78.05469612;5.25;1;202000;683;65.2;5.25;0
1;117;393833;76.65897372;5.75;1;396000;700;80;5.75;0
27;94;439990.5;72.37651959;5.875;1;488000;668;83;5.875;0
26;94;460678.95;99.98245474;3.5;0;511500;691;75;5.875;0
20;100;281250;106.6601512;5.875;1;281250;778;75;5.875;1
10;111;208115.02;125.2064409;8.125;1;197600;665;80;0;1
22;98;240244.73;121.1502874;9;0;240000;699;80;9;1
33;87;91975.78;93.7475672;7.7;1;96000;583;80;0;0
9;108;317141.34;80.71713801;7.94;1;320000;598;63.4;7.94;0
12;88;190000;133.5802352;6.625;1;190000;700;95;6.625;0
15;105;525000;104.8261636;6.75;1;525000;725;75;6.75;0
22;95;319899.91;113.0176194;5;1;335000;697;77;5;1
4;116;179208.17;68.70458575;8.452;0;180000;528;80;8.452;1
20;100;442759.24;56.30042632;5.875;0;489600;724;80;5.875;0
3;115;220000;80.48923063;6.5;1;220000;786;80;0;0
34;86;144546.77;78.98967398;6.25;1;168000;781;100;6.25;0
16;101;288000;112.4003477;6.5;0;288000;781;80;6.5;1
12;108;838700;61.14990668;5.25;1;838700;740;80;0;0
19;100;82672.33;91.18988267;7;1;88400;633;80;0;0
7;114;87772.62;88.16915462;7.875;1;88800;611;80;7.875;0
10;108;90619.75;108.5555277;7.625;1;93000;648;79.8;7.625;1
6;111;64681.21;88.814866;7.5;1;65700;720;80;0;0
7;114;152542.84;99.71889359;8.99;0;152600;672;80;8.99;0
16;105;155958.34;113.9864704;6.375;0;156000;673;80;6.375;1
2;116;78943.58;92.63522379;9.15;1;79200;635;90;9.15;1
8;113;55200.95;55.60421173;12.382;0;55800;532;74.9;0;0
11;109;111894.11;108.1355176;7.875;1;114400;660;79.6;7.875;0
23;97;233993.17;112.6966766;2;0;221000;632;78.9;0;0
30;90;65779.77;27.22845225;7.5;0;125400;685;58.8;7.5;0
3;117;174246.87;72.86374544;7.75;1;175000;575;70;7.75;0
1;105;67597.37;80.12272393;11.5;1;68850;519;85;0;0
8;110;93690.45;103.9873708;5.864;1;89150;622;76.2;1.9;1
40;80;465680.67;68.37078991;6.25;1;549000;659;90;6.25;0
5;116;418892.87;104.7167567;10.75;0;420000;755;80;10.75;1
2;118;97727.56;93.01868841;7.875;1;98000;650;99.5;0;0
10;110;205389.31;139.8394499;6.99;0;202350;609;95;6.99;1
17;104;107554.92;57.06084658;6.5;0;115900;735;95;6.5;0
4;111;111897.1;71.49826467;6.1;0;114750;648;85;6.1;0
10;108;325584.8;108.8098194;7.625;0;335000;796;77.2;7.625;1
3;117;131426.94;78.57151354;8.45;1;131920;555;80;8.45;0
35;85;481330.61;89.11853355;6.65;0;499000;646;77.5;6.65;0
5;115;145953.07;96.00347012;6.875;1;148000;667;80;0;0
34;86;103819.75;32.46465739;14.27;1;107250;519;63.7;14.27;0
32;88;511418.6;70.07661489;6.75;0;572000;653;63.6;6.75;0
9;112;94165.12;93.63855661;7.25;0;95920;790;80;7.25;0
18;98;233595.94;111.069514;10.625;1;244000;626;80;6.94;1
23;97;61020.8;74.70843514;8.3;1;65000;592;57.5;8.3;1
22;98;161555.43;115.6984046;7.3;0;171700;658;80;0;0
2;119;290000;58.05414291;6.25;0;290000;709;59.2;6.25;0
29;91;312854.92;93.11675419;8.5;0;336000;604;80;8.5;0
4;117;359941.19;73.82593324;5.75;0;360000;658;80;5.75;0
9;111;111997.28;117.4463159;7.6;0;112000;665;80;7.6;1
42;18;4657.64;16.04351735;8.85;0;18400;723;80;8.85;0
3;115;9.00E+05;77.66711138;7.875;1;9.00E+05;671;75;7.875;0
10;110;715781.8;108.2790655;6.625;1;719000;696;75;6.625;0
14;102;273979.19;100.9256773;6.25;1;289000;739;77.1;6.25;1
9;108;556055.8;79.63876132;6.25;0;575000;794;59.3;6.25;0
3;117;166578.89;90.82446182;8.15;1;166907;603;95;8.15;1
8;112;264844.56;111.8841525;7;1;251700;691;77.5;7;0
4;116;119658.91;78.5222262;7.125;1;120650;613;95;7.125;1
15;85;75275.75;7.842076994;6.625;1;385000;782;63.5;6.625;0
12;108;137726.41;119.3062087;9.45;0;136278;610;80;8.45;0
21;99;59960.24;144.3802727;10.75;0;60000;600;100;10.75;0
16;104;106518.27;103.6257202;5.99;1;112000;623;80;5.99;0
8;113;187030.52;101.7396426;8.35;1;187850;528;85;8.35;1
8;109;137587.68;66.6012649;9;1;140250;658;85;9;0
23;97;117571.39;65.8346968;5.99;1;127482;684;51;5.99;0
19;101;230216.83;127.1020789;8.69;1;239400;639;90;8.69;1
15;105;76164.88;76.94129442;6;0;79900;797;57.1;6;0
4;116;454077.96;105.6004529;10.49;0;455000;648;100;10.49;1
7;113;477259.88;101.0623707;8.95;1;480000;562;75;8.95;1
13;108;430400;74.51437684;5.5;0;430400;795;80;5.5;0
4;114;297600;86.77498879;7.875;0;297600;640;78.3;7.875;1
14;107;536636;108.9004588;6;0;559200;784;79.3;6;0
8;113;460000;81.51929676;5.5;0;460000;724;80;5.5;0
27;93;58578.32;92.38301222;8.84;0;62400;511;80;8.84;0
27;93;662294.99;94.78504249;2;0;647572;655;75;6.5;0
6;114;241470.99;84.99372205;6.375;0;241500;704;69;6.375;0
12;108;309277.87;108.9421205;8.125;1;319500;689;90;5.35;1
19;101;671519.64;116.0525889;6.5;1;690000;563;88.6;6.5;0
11;90;63947.23;22.56117173;5.125;0;129500;709;70;3.375;0
21;99;678830.63;113.2269224;3.375;1;680000;630;80;5.875;0
4;116;71270.78;68.66285167;8.217;0;71600;624;80;8.217;0
2;158;258717.18;82.84761975;8.308;0;256000;703;80;1.9;0
20;100;61197.75;114.4484861;9.13;1;63600;603;80;9.13;0
36;143;115356.81;63.15646176;2;1;172800;596;80;7.3;0
22;98;44097.88;84.64918016;4.41;0;57600;546;80;4.41;1
13;107;489100;114.0215406;6.625;0;489100;678;80;6.625;1
9;111;772872.43;64.57457969;4.25;1;811000;780;80;4.25;0
6;112;130367.51;96.70397737;8;0;130436;736;80;8;1
3;117;164000;76.63440718;5.875;1;164000;701;80;5.875;0
5;116;280000;68.44067039;5.125;0;280000;729;80;5.125;0
20;98;191916.42;113.7213021;2.75;0;192000;785;80;5.875;1
8;112;184000;127.2893772;6.875;1;184000;645;89.8;6.875;1
16;104;104520.19;69.84735098;10.25;1;108000;516;80;0;0
11;107;177146.47;119.4727439;7.25;1;177200;665;80;7.25;1
13;68;99483.98;108.115579;9.9;1;104800;626;80;9.9;0
29;92;149964.72;115.7199446;3.75;1;162000;662;100;0;0
15;105;216136.63;116.6371879;4.75;0;207200;685;80;1;1
20;100;81176.35;109.295636;7.725;1;80000;585;80;7.725;0
32;88;132868.38;94.40763537;8.625;1;139200;654;80;0;1
11;109;293664.47;52.39367885;10;1;3.00E+05;603;80;0;1
21;100;2981585.1;73.21878787;5.5;1;3.00E+06;779;50.1;5.5;0
13;107;212379.78;112.1105079;8.75;0;216000;675;80;6.65;1
10;107;96373.41;56.76189731;12.15;1;97500;599;75;12.15;0
3;113;93021.1;59.27276796;7.9;1;94250;627;65;7.9;0
40;80;117799.41;74.9252736;2;0;148500;655;90;2;0
8;113;140000;81.51929676;5.875;0;140000;757;80;5.875;0
9;107;158945.42;130.1802732;8;0;148665;744;85;11.875;0
23;97;445398.94;112.0556654;5.99;1;483000;714;87.8;5.99;0
14;106;195411.4;116.3593249;5.375;1;193600;616;80;5.375;0
16;107;223493.3;112.0115475;6.875;1;223680.8;772;79.9;6.875;1
10;110;208689.57;72.6492039;5.625;1;215200;671;80;5.625;0
16;105;79119.65;112.3998505;7;1;79120;714;80;7;0
9;111;281122.53;122.7343087;6.625;0;269100;717;90;2;1
23;98;56937.16;44.13329429;8.25;1;60000;682;65.2;8.25;0
23;97;117130.93;97.33938579;6.5;1;126000;711;70;6.5;1
3;52;319979.27;72.51602078;5.875;1;348000;747;80;5.875;0
29;89;94398.26;103.683275;5.75;1;99550;765;80;5.75;0
7;113;416995.83;87.41719481;7;1;417000;655;71.9;7;1
19;101;419864.15;69.13374545;5;1;452000;587;80;5;0
20;100;143429.91;119.5222045;9.3;0;144000;545;80;0;1
6;114;99899.33;71.01688665;8;1;1.00E+05;627;85.1;8;0
22;58;82967.95;98.59400999;7;0;96800;610;80;7;0
28;90;177171.29;89.48253442;3;1;177300;627;64;6.625;1
31;69;739999.99;74.25788159;1.875;1;740000;701;80;2.875;0
7;114;152706.18;88.46368564;10.2;0;153000;513;72.9;10.2;1
12;108;202250.53;121.8784161;6;0;195900;612;80;6;0
69;107;267222.02;32.48525169;7.125;1;279350;667;90;0;0
10;106;373163.85;107.2165445;6.375;1;388720;788;80;6.375;0
1;117;231541.35;79.32203044;6.95;0;231600;662;80;0;0
33;88;80279.55;84.46576401;6.375;1;92700;654;90;6.375;0
3;117;74680.39;53.81735777;9.25;1;75000;581;51.7;0;0
28;93;272759.78;69.96859392;2;0;390070;683;80;0;0
3;117;508000;90.44977292;8.55;1;508000;622;89.9;8.55;0
2;118;247265.64;68.06418548;9.7;0;247500;644;75;0;1
28;92;245498.33;89.70490707;6.375;0;245500;663;64.6;6.375;0
2;158;743580.57;82.37416878;7.808;1;740000;712;80;1.75;0
6;114;523800;78.94387035;5.75;1;523800;797;80;5.75;0
29;92;187859.22;93.35757321;6.5;1;208000;646;80;6.5;0
41;79;70272.06;59.36125796;8.25;0;78583.97;612;80.8;8.25;0
13;107;195736.94;116.0959183;6.375;0;196800;721;80;6.375;0
10;111;325268.77;117.8904728;8.875;1;328000;664;80;7.25;1
18;102;131724.04;112.0186157;7;1;132800;645;80;7.65;0
3;117;1056656.64;77.44040476;8.75;1;1059750;712;75;8.75;0
11;109;62634.9;67.32236026;8.99;0;64000;502;80;8.99;0
6;115;156517.34;91.81911315;9.85;1;157500;563;75;9.85;0
7;113;107198.93;82.83327172;6.675;0;108000;618;80;0;0
16;104;106451.86;50.13522687;6.875;0;112000;647;80;6.875;0
26;89;364576.82;105.8877861;2.875;1;387760;773;80;4.875;0
4;116;124205.79;105.1425688;8.49;1;125000;610;100;8.49;0
4;117;398996.78;66.58861888;3.5;1;4.00E+05;663;79.2;5.125;0
8;112;158978.05;103.2188032;7.84;1;160000;666;80;7.84;0
36;84;592000;87.83993827;5.75;1;592000;713;80;5.75;0
13;107;227940.62;117.1651471;9;0;228000;738;80;6.375;1
16;105;56083.99;44.25100934;9.25;0;57600;605;73.8;9.25;0
14;107;238284.4;113.0547632;7.75;1;244000;651;80;7.35;1
27;94;353306.86;63.27791063;7.25;0;450000;661;90;7.25;0
49;71;176224.07;22.34883737;6.27;1;211500;556;73.8;4.565;1
28;32;29792.78;23.58058651;10.29;0;41250;583;75;10.29;0
4;116;228880;94.42080378;6.5;1;228880;698;80;6.5;0
18;102;69971.96;76.52502818;10.375;0;72393.98;707;94.6;6.675;1
9;151;85347.38;117.3513507;9.65;0;85850;622;85;9.65;0
15;106;90792.39;114.0108391;8.2;1;93500;623;85;8.2;1
1;116;157866.63;78.63710353;7.99;0;158800;654;80;7.99;0
14;107;286211.65;118.9664946;8.875;0;294500;735;95;6.7;1
12;108;269497.39;92.48423106;6;0;279500;709;65;6;1
43;78;185959.49;49.65609541;7.28;1;216300;531;70;7.28;1
16;105;113324.07;110.5670168;8.375;1;114640;628;80;8.375;1
28;92;54442.54;101.6339851;10.585;1;56950;536;85;10.585;0
6;114;181391.46;71.09661477;5.99;1;187150;651;95;0;0
15;105;216907.31;102.0842448;5;1;220000;703;100;5;0
3;117;97104.38;93.99431321;9.95;1;97200;652;90;0;0
11;110;559200;112.0564338;7.5;0;559200;775;80;7.5;1
26;96;258333.47;102.0798244;6.74;1;260000;663;80;6.74;0
18;103;865747.67;113.0177359;6;0;880000;691;80;6;0
18;103;258793.51;109.7132799;6;0;260000;700;80;6;0
16;104;134760.78;107.5964985;8.87;1;136800;603;80;6.5;1
1;115;468800;79.10203721;4.875;1;468800;768;80;4.875;0
4;116;622800;84.65190617;6.75;1;622800;800;80;6.75;0
28;92;207999.98;82.6813558;4.875;0;208000;685;80;4.875;0
20;100;185036.65;77.69178425;6;0;198000;710;75;6;0
4;116;145533.16;81.00338424;7.625;1;146400;789;80;7.625;0
22;38;145274.09;70.88107905;6.125;0;195000;747;61.9;6.125;0
26;94;204951.98;114.4333108;2;1;189000;591;90;0;0
10;108;227760;108.9456501;8.375;1;227760;691;80;0;1
6;114;247531.65;96.57205968;7.999;1;248000;654;80;0;1
4;117;354636.91;75.17660957;6.35;1;357000;542;85;6.35;0
25;95;426233.82;110.3443039;6.825;1;441000;609;90;6.825;0
16;104;624530.04;97.8608436;6;0;625000;789;69.8;6;0
27;92;74014.91;58.18721517;6.375;1;92000;704;51.5;6.375;0
19;101;248081.7;102.0605277;7.45;1;260000;599;80;7.45;0
4;116;418939.19;81.50222637;7.75;0;420750;581;85;7.75;0
14;106;81965.26;114.0142847;9.43;1;80000;500;76.9;0;0
4;117;195389.41;92.45791547;10.33;1;195800;627;89;10.33;1
12;149;534969.18;121.4498515;5.672;1;487500;725;75;2.45;1
33;85;159309.05;91.32274689;4.71;1;168000;596;80;4.71;0
43;77;81266.02;55.0588481;7;1;66800;530;80;7;0
10;110;629771.9;80.09018101;5.625;1;631000;771;68.9;5.625;0
6;114;213450.6;112.0066676;8.125;1;214900;738;100;8.125;1
19;101;120879.5;102.6320911;6.75;0;127800;732;90;6.75;0
8;113;435198;89.32573861;5.375;0;435198;754;98.5;5.375;0
12;108;100492.35;90.83494999;12.125;1;102400;590;80;8.75;0
22;98;121848.14;81.71632121;8.37;1;128000;591;59.7;8.37;0
6;114;487455.14;88.68474843;7;1;494000;813;79.7;7;0
6;110;95494.53;68.06994342;11.45;1;96000;552;80;11.45;1
14;106;248448.36;113.6559675;7.4;1;252000;595;80;0;0
5;116;211961.21;67.16095977;5.6;1;216000;672;80;5.6;0
28;92;155684.27;85.6811954;3.5;0;174600;742;80;5.625;1
3;117;133740.12;72.46582214;5.73;1;135000;677;74.2;5.73;0
8;113;155504.43;71.73358244;6.25;1;158500;672;92.2;0;0
15;105;255292.36;109.448993;7.175;1;257754;631;80;7.175;0
7;48;180992.93;58.0586469;9.5;1;199950;583;74.9;9.5;0
8;112;438950.07;105.816116;7.75;1;442000;574;85;7.75;0
6;112;156251.1;93.11350561;8.1;1;158850;552;90;0;0
6;115;219202.03;126.2431226;9.453;0;210000;751;100;3.4;1
7;109;212000;66.07804145;5.75;1;212000;758;80;5.75;0
5;116;165980.76;95.34910587;7.75;0;166400;688;80;7.75;1
19;101;482141.25;116.1354625;6.875;1;428000;732;70.2;6.875;0
12;108;211554.72;94.34732021;8;1;216000;614;90;8;1
9;51;133891.08;49.79959782;6.5;0;146200;682;64.7;6.5;0
7;113;113836.26;114.2776703;9.4;0;114750;661;85;0;1
24;97;132369.29;97.23489253;3.5;1;133600;660;80;5.875;1
15;105;141594.47;102.2224979;6.25;1;146250;672;75;6.25;1
32;89;123009.13;92.93448193;7.45;1;128000;646;80;0;0
30;88;115227.19;89.4901515;2.75;1;115500;778;70;5.875;0
9;112;214422.01;91.65468351;7.95;0;218000;596;67.1;7.95;0
7;114;104492.96;96.24660499;8.375;1;105600;756;80;8.375;1
